date,date_id,year,month,quarter,day,day_of_week,month_name
2016-01-01,1,2016,1,1,1,Friday,January
2016-01-02,2,2016,1,1,2,Saturday,January
2016-01-03,3,2016,1,1,3,Sunday,January
2016-01-04,4,2016,1,1,4,Monday,January
2016-01-05,5,2016,1,1,5,Tuesday,January
2016-01-06,6,2016,1,1,6,Wednesday,January
2016-01-08,7,2016,1,1,8,Friday,January
2016-01-09,8,2016,1,1,9,Saturday,January
2016-01-12,9,2016,1,1,12,Tuesday,January
2016-01-14,10,2016,1,1,14,Thursday,January
2016-01-15,11,2016,1,1,15,Friday,January
2016-01-16,12,2016,1,1,16,Saturday,January
2016-01-18,13,2016,1,1,18,Monday,January
2016-01-19,14,2016,1,1,19,Tuesday,January
2016-01-20,15,2016,1,1,20,Wednesday,January
2016-01-21,16,2016,1,1,21,Thursday,January
2016-01-22,17,2016,1,1,22,Friday,January
2016-01-23,18,2016,1,1,23,Saturday,January
2016-01-25,19,2016,1,1,25,Monday,January
2016-01-27,20,2016,1,1,27,Wednesday,January
2016-01-28,21,2016,1,1,28,Thursday,January
2016-01-29,22,2016,1,1,29,Friday,January
2016-01-30,23,2016,1,1,30,Saturday,January
2016-01-31,24,2016,1,1,31,Sunday,January
2016-02-01,25,2016,2,1,1,Monday,February
2016-02-03,26,2016,2,1,3,Wednesday,February
2016-02-04,27,2016,2,1,4,Thursday,February
2016-02-05,28,2016,2,1,5,Friday,February
2016-02-06,29,2016,2,1,6,Saturday,February
2016-02-07,30,2016,2,1,7,Sunday,February
2016-02-08,31,2016,2,1,8,Monday,February
2016-02-09,32,2016,2,1,9,Tuesday,February
2016-02-10,33,2016,2,1,10,Wednesday,February
2016-02-11,34,2016,2,1,11,Thursday,February
2016-02-12,35,2016,2,1,12,Friday,February
2016-02-13,36,2016,2,1,13,Saturday,February
2016-02-14,37,2016,2,1,14,Sunday,February
2016-02-16,38,2016,2,1,16,Tuesday,February
2016-02-17,39,2016,2,1,17,Wednesday,February
2016-02-18,40,2016,2,1,18,Thursday,February
2016-02-19,41,2016,2,1,19,Friday,February
2016-02-20,42,2016,2,1,20,Saturday,February
2016-02-21,43,2016,2,1,21,Sunday,February
2016-02-23,44,2016,2,1,23,Tuesday,February
2016-02-25,45,2016,2,1,25,Thursday,February
2016-02-26,46,2016,2,1,26,Friday,February
2016-02-27,47,2016,2,1,27,Saturday,February
2016-02-28,48,2016,2,1,28,Sunday,February
2016-02-29,49,2016,2,1,29,Monday,February
2016-03-01,50,2016,3,1,1,Tuesday,March
2016-03-02,51,2016,3,1,2,Wednesday,March
2016-03-03,52,2016,3,1,3,Thursday,March
2016-03-04,53,2016,3,1,4,Friday,March
2016-03-06,54,2016,3,1,6,Sunday,March
2016-03-07,55,2016,3,1,7,Monday,March
2016-03-08,56,2016,3,1,8,Tuesday,March
2016-03-09,57,2016,3,1,9,Wednesday,March
2016-03-10,58,2016,3,1,10,Thursday,March
2016-03-12,59,2016,3,1,12,Saturday,March
2016-03-14,60,2016,3,1,14,Monday,March
2016-03-15,61,2016,3,1,15,Tuesday,March
2016-03-16,62,2016,3,1,16,Wednesday,March
2016-03-17,63,2016,3,1,17,Thursday,March
2016-03-18,64,2016,3,1,18,Friday,March
2016-03-19,65,2016,3,1,19,Saturday,March
2016-03-20,66,2016,3,1,20,Sunday,March
2016-03-21,67,2016,3,1,21,Monday,March
2016-03-23,68,2016,3,1,23,Wednesday,March
2016-03-25,69,2016,3,1,25,Friday,March
2016-03-26,70,2016,3,1,26,Saturday,March
2016-03-27,71,2016,3,1,27,Sunday,March
2016-03-28,72,2016,3,1,28,Monday,March
2016-03-29,73,2016,3,1,29,Tuesday,March
2016-03-30,74,2016,3,1,30,Wednesday,March
2016-03-31,75,2016,3,1,31,Thursday,March
2016-04-02,76,2016,4,2,2,Saturday,April
2016-04-03,77,2016,4,2,3,Sunday,April
2016-04-04,78,2016,4,2,4,Monday,April
2016-04-06,79,2016,4,2,6,Wednesday,April
2016-04-07,80,2016,4,2,7,Thursday,April
2016-04-08,81,2016,4,2,8,Friday,April
2016-04-09,82,2016,4,2,9,Saturday,April
2016-04-10,83,2016,4,2,10,Sunday,April
2016-04-11,84,2016,4,2,11,Monday,April
2016-04-12,85,2016,4,2,12,Tuesday,April
2016-04-13,86,2016,4,2,13,Wednesday,April
2016-04-15,87,2016,4,2,15,Friday,April
2016-04-16,88,2016,4,2,16,Saturday,April
2016-04-17,89,2016,4,2,17,Sunday,April
2016-04-18,90,2016,4,2,18,Monday,April
2016-04-19,91,2016,4,2,19,Tuesday,April
2016-04-21,92,2016,4,2,21,Thursday,April
2016-04-22,93,2016,4,2,22,Friday,April
2016-04-23,94,2016,4,2,23,Saturday,April
2016-04-27,95,2016,4,2,27,Wednesday,April
2016-04-28,96,2016,4,2,28,Thursday,April
2016-04-30,97,2016,4,2,30,Saturday,April
2016-05-01,98,2016,5,2,1,Sunday,May
2016-05-03,99,2016,5,2,3,Tuesday,May
2016-05-04,100,2016,5,2,4,Wednesday,May
2016-05-05,101,2016,5,2,5,Thursday,May
2016-05-06,102,2016,5,2,6,Friday,May
2016-05-07,103,2016,5,2,7,Saturday,May
2016-05-08,104,2016,5,2,8,Sunday,May
2016-05-10,105,2016,5,2,10,Tuesday,May
2016-05-11,106,2016,5,2,11,Wednesday,May
2016-05-12,107,2016,5,2,12,Thursday,May
2016-05-13,108,2016,5,2,13,Friday,May
2016-05-15,109,2016,5,2,15,Sunday,May
2016-05-17,110,2016,5,2,17,Tuesday,May
2016-05-19,111,2016,5,2,19,Thursday,May
2016-05-20,112,2016,5,2,20,Friday,May
2016-05-21,113,2016,5,2,21,Saturday,May
2016-05-22,114,2016,5,2,22,Sunday,May
2016-05-24,115,2016,5,2,24,Tuesday,May
2016-05-25,116,2016,5,2,25,Wednesday,May
2016-05-26,117,2016,5,2,26,Thursday,May
2016-05-27,118,2016,5,2,27,Friday,May
2016-05-28,119,2016,5,2,28,Saturday,May
2016-05-29,120,2016,5,2,29,Sunday,May
2016-05-30,121,2016,5,2,30,Monday,May
2016-06-01,122,2016,6,2,1,Wednesday,June
2016-06-02,123,2016,6,2,2,Thursday,June
2016-06-03,124,2016,6,2,3,Friday,June
2016-06-04,125,2016,6,2,4,Saturday,June
2016-06-05,126,2016,6,2,5,Sunday,June
2016-06-06,127,2016,6,2,6,Monday,June
2016-06-08,128,2016,6,2,8,Wednesday,June
2016-06-09,129,2016,6,2,9,Thursday,June
2016-06-10,130,2016,6,2,10,Friday,June
2016-06-11,131,2016,6,2,11,Saturday,June
2016-06-12,132,2016,6,2,12,Sunday,June
2016-06-13,133,2016,6,2,13,Monday,June
2016-06-15,134,2016,6,2,15,Wednesday,June
2016-06-16,135,2016,6,2,16,Thursday,June
2016-06-17,136,2016,6,2,17,Friday,June
2016-06-18,137,2016,6,2,18,Saturday,June
2016-06-19,138,2016,6,2,19,Sunday,June
2016-06-20,139,2016,6,2,20,Monday,June
2016-06-21,140,2016,6,2,21,Tuesday,June
2016-06-22,141,2016,6,2,22,Wednesday,June
2016-06-23,142,2016,6,2,23,Thursday,June
2016-06-25,143,2016,6,2,25,Saturday,June
2016-06-27,144,2016,6,2,27,Monday,June
2016-06-28,145,2016,6,2,28,Tuesday,June
2016-06-29,146,2016,6,2,29,Wednesday,June
2016-06-30,147,2016,6,2,30,Thursday,June
2016-07-01,148,2016,7,3,1,Friday,July
2016-07-04,149,2016,7,3,4,Monday,July
2016-07-05,150,2016,7,3,5,Tuesday,July
2016-07-06,151,2016,7,3,6,Wednesday,July
2016-07-07,152,2016,7,3,7,Thursday,July
2016-07-09,153,2016,7,3,9,Saturday,July
2016-07-11,154,2016,7,3,11,Monday,July
2016-07-12,155,2016,7,3,12,Tuesday,July
2016-07-13,156,2016,7,3,13,Wednesday,July
2016-07-14,157,2016,7,3,14,Thursday,July
2016-07-15,158,2016,7,3,15,Friday,July
2016-07-16,159,2016,7,3,16,Saturday,July
2016-07-17,160,2016,7,3,17,Sunday,July
2016-07-18,161,2016,7,3,18,Monday,July
2016-07-19,162,2016,7,3,19,Tuesday,July
2016-07-20,163,2016,7,3,20,Wednesday,July
2016-07-21,164,2016,7,3,21,Thursday,July
2016-07-23,165,2016,7,3,23,Saturday,July
2016-07-24,166,2016,7,3,24,Sunday,July
2016-07-25,167,2016,7,3,25,Monday,July
2016-07-26,168,2016,7,3,26,Tuesday,July
2016-07-28,169,2016,7,3,28,Thursday,July
2016-07-29,170,2016,7,3,29,Friday,July
2016-07-31,171,2016,7,3,31,Sunday,July
2016-08-01,172,2016,8,3,1,Monday,August
2016-08-02,173,2016,8,3,2,Tuesday,August
2016-08-03,174,2016,8,3,3,Wednesday,August
2016-08-04,175,2016,8,3,4,Thursday,August
2016-08-05,176,2016,8,3,5,Friday,August
2016-08-07,177,2016,8,3,7,Sunday,August
2016-08-08,178,2016,8,3,8,Monday,August
2016-08-09,179,2016,8,3,9,Tuesday,August
2016-08-11,180,2016,8,3,11,Thursday,August
2016-08-12,181,2016,8,3,12,Friday,August
2016-08-13,182,2016,8,3,13,Saturday,August
2016-08-14,183,2016,8,3,14,Sunday,August
2016-08-15,184,2016,8,3,15,Monday,August
2016-08-16,185,2016,8,3,16,Tuesday,August
2016-08-17,186,2016,8,3,17,Wednesday,August
2016-08-18,187,2016,8,3,18,Thursday,August
2016-08-19,188,2016,8,3,19,Friday,August
2016-08-20,189,2016,8,3,20,Saturday,August
2016-08-21,190,2016,8,3,21,Sunday,August
2016-08-22,191,2016,8,3,22,Monday,August
2016-08-23,192,2016,8,3,23,Tuesday,August
2016-08-25,193,2016,8,3,25,Thursday,August
2016-08-26,194,2016,8,3,26,Friday,August
2016-08-27,195,2016,8,3,27,Saturday,August
2016-08-28,196,2016,8,3,28,Sunday,August
2016-08-29,197,2016,8,3,29,Monday,August
2016-08-30,198,2016,8,3,30,Tuesday,August
2016-08-31,199,2016,8,3,31,Wednesday,August
2016-09-01,200,2016,9,3,1,Thursday,September
2016-09-02,201,2016,9,3,2,Friday,September
2016-09-03,202,2016,9,3,3,Saturday,September
2016-09-04,203,2016,9,3,4,Sunday,September
2016-09-05,204,2016,9,3,5,Monday,September
2016-09-06,205,2016,9,3,6,Tuesday,September
2016-09-08,206,2016,9,3,8,Thursday,September
2016-09-09,207,2016,9,3,9,Friday,September
2016-09-10,208,2016,9,3,10,Saturday,September
2016-09-11,209,2016,9,3,11,Sunday,September
2016-09-12,210,2016,9,3,12,Monday,September
2016-09-13,211,2016,9,3,13,Tuesday,September
2016-09-14,212,2016,9,3,14,Wednesday,September
2016-09-16,213,2016,9,3,16,Friday,September
2016-09-17,214,2016,9,3,17,Saturday,September
2016-09-18,215,2016,9,3,18,Sunday,September
2016-09-19,216,2016,9,3,19,Monday,September
2016-09-20,217,2016,9,3,20,Tuesday,September
2016-09-21,218,2016,9,3,21,Wednesday,September
2016-09-22,219,2016,9,3,22,Thursday,September
2016-09-23,220,2016,9,3,23,Friday,September
2016-09-24,221,2016,9,3,24,Saturday,September
2016-09-25,222,2016,9,3,25,Sunday,September
2016-09-26,223,2016,9,3,26,Monday,September
2016-09-27,224,2016,9,3,27,Tuesday,September
2016-09-28,225,2016,9,3,28,Wednesday,September
2016-09-29,226,2016,9,3,29,Thursday,September
2016-09-30,227,2016,9,3,30,Friday,September
2016-10-01,228,2016,10,4,1,Saturday,October
2016-10-02,229,2016,10,4,2,Sunday,October
2016-10-03,230,2016,10,4,3,Monday,October
2016-10-04,231,2016,10,4,4,Tuesday,October
2016-10-05,232,2016,10,4,5,Wednesday,October
2016-10-06,233,2016,10,4,6,Thursday,October
2016-10-07,234,2016,10,4,7,Friday,October
2016-10-08,235,2016,10,4,8,Saturday,October
2016-10-09,236,2016,10,4,9,Sunday,October
2016-10-10,237,2016,10,4,10,Monday,October
2016-10-11,238,2016,10,4,11,Tuesday,October
2016-10-12,239,2016,10,4,12,Wednesday,October
2016-10-13,240,2016,10,4,13,Thursday,October
2016-10-14,241,2016,10,4,14,Friday,October
2016-10-15,242,2016,10,4,15,Saturday,October
2016-10-16,243,2016,10,4,16,Sunday,October
2016-10-17,244,2016,10,4,17,Monday,October
2016-10-18,245,2016,10,4,18,Tuesday,October
2016-10-19,246,2016,10,4,19,Wednesday,October
2016-10-21,247,2016,10,4,21,Friday,October
2016-10-22,248,2016,10,4,22,Saturday,October
2016-10-23,249,2016,10,4,23,Sunday,October
2016-10-24,250,2016,10,4,24,Monday,October
2016-10-25,251,2016,10,4,25,Tuesday,October
2016-10-26,252,2016,10,4,26,Wednesday,October
2016-10-27,253,2016,10,4,27,Thursday,October
2016-10-28,254,2016,10,4,28,Friday,October
2016-10-29,255,2016,10,4,29,Saturday,October
2016-10-31,256,2016,10,4,31,Monday,October
2016-11-02,257,2016,11,4,2,Wednesday,November
2016-11-03,258,2016,11,4,3,Thursday,November
2016-11-04,259,2016,11,4,4,Friday,November
2016-11-06,260,2016,11,4,6,Sunday,November
2016-11-08,261,2016,11,4,8,Tuesday,November
2016-11-09,262,2016,11,4,9,Wednesday,November
2016-11-11,263,2016,11,4,11,Friday,November
2016-11-12,264,2016,11,4,12,Saturday,November
2016-11-13,265,2016,11,4,13,Sunday,November
2016-11-14,266,2016,11,4,14,Monday,November
2016-11-15,267,2016,11,4,15,Tuesday,November
2016-11-16,268,2016,11,4,16,Wednesday,November
2016-11-18,269,2016,11,4,18,Friday,November
2016-11-19,270,2016,11,4,19,Saturday,November
2016-11-20,271,2016,11,4,20,Sunday,November
2016-11-21,272,2016,11,4,21,Monday,November
2016-11-22,273,2016,11,4,22,Tuesday,November
2016-11-23,274,2016,11,4,23,Wednesday,November
2016-11-24,275,2016,11,4,24,Thursday,November
2016-11-26,276,2016,11,4,26,Saturday,November
2016-11-27,277,2016,11,4,27,Sunday,November
2016-11-30,278,2016,11,4,30,Wednesday,November
2016-12-03,279,2016,12,4,3,Saturday,December
2016-12-04,280,2016,12,4,4,Sunday,December
2016-12-06,281,2016,12,4,6,Tuesday,December
2016-12-07,282,2016,12,4,7,Wednesday,December
2016-12-08,283,2016,12,4,8,Thursday,December
2016-12-09,284,2016,12,4,9,Friday,December
2016-12-10,285,2016,12,4,10,Saturday,December
2016-12-11,286,2016,12,4,11,Sunday,December
2016-12-12,287,2016,12,4,12,Monday,December
2016-12-13,288,2016,12,4,13,Tuesday,December
2016-12-15,289,2016,12,4,15,Thursday,December
2016-12-16,290,2016,12,4,16,Friday,December
2016-12-17,291,2016,12,4,17,Saturday,December
2016-12-18,292,2016,12,4,18,Sunday,December
2016-12-19,293,2016,12,4,19,Monday,December
2016-12-20,294,2016,12,4,20,Tuesday,December
2016-12-21,295,2016,12,4,21,Wednesday,December
2016-12-22,296,2016,12,4,22,Thursday,December
2016-12-23,297,2016,12,4,23,Friday,December
2016-12-24,298,2016,12,4,24,Saturday,December
2016-12-25,299,2016,12,4,25,Sunday,December
2016-12-26,300,2016,12,4,26,Monday,December
2016-12-27,301,2016,12,4,27,Tuesday,December
2016-12-28,302,2016,12,4,28,Wednesday,December
2016-12-29,303,2016,12,4,29,Thursday,December
2016-12-30,304,2016,12,4,30,Friday,December
2017-01-03,305,2017,1,1,3,Tuesday,January
2017-01-04,306,2017,1,1,4,Wednesday,January
2017-01-06,307,2017,1,1,6,Friday,January
2017-01-07,308,2017,1,1,7,Saturday,January
2017-01-08,309,2017,1,1,8,Sunday,January
2017-01-09,310,2017,1,1,9,Monday,January
2017-01-10,311,2017,1,1,10,Tuesday,January
2017-01-11,312,2017,1,1,11,Wednesday,January
2017-01-12,313,2017,1,1,12,Thursday,January
2017-01-14,314,2017,1,1,14,Saturday,January
2017-01-16,315,2017,1,1,16,Monday,January
2017-01-17,316,2017,1,1,17,Tuesday,January
2017-01-18,317,2017,1,1,18,Wednesday,January
2017-01-19,318,2017,1,1,19,Thursday,January
2017-01-20,319,2017,1,1,20,Friday,January
2017-01-21,320,2017,1,1,21,Saturday,January
2017-01-22,321,2017,1,1,22,Sunday,January
2017-01-23,322,2017,1,1,23,Monday,January
2017-01-24,323,2017,1,1,24,Tuesday,January
2017-01-25,324,2017,1,1,25,Wednesday,January
2017-01-26,325,2017,1,1,26,Thursday,January
2017-01-27,326,2017,1,1,27,Friday,January
2017-01-28,327,2017,1,1,28,Saturday,January
2017-01-29,328,2017,1,1,29,Sunday,January
2017-01-31,329,2017,1,1,31,Tuesday,January
2017-02-01,330,2017,2,1,1,Wednesday,February
2017-02-02,331,2017,2,1,2,Thursday,February
2017-02-03,332,2017,2,1,3,Friday,February
2017-02-04,333,2017,2,1,4,Saturday,February
2017-02-05,334,2017,2,1,5,Sunday,February
2017-02-06,335,2017,2,1,6,Monday,February
2017-02-07,336,2017,2,1,7,Tuesday,February
2017-02-08,337,2017,2,1,8,Wednesday,February
2017-02-09,338,2017,2,1,9,Thursday,February
2017-02-10,339,2017,2,1,10,Friday,February
2017-02-11,340,2017,2,1,11,Saturday,February
2017-02-13,341,2017,2,1,13,Monday,February
2017-02-14,342,2017,2,1,14,Tuesday,February
2017-02-15,343,2017,2,1,15,Wednesday,February
2017-02-16,344,2017,2,1,16,Thursday,February
2017-02-18,345,2017,2,1,18,Saturday,February
2017-02-19,346,2017,2,1,19,Sunday,February
2017-02-20,347,2017,2,1,20,Monday,February
2017-02-21,348,2017,2,1,21,Tuesday,February
2017-02-25,349,2017,2,1,25,Saturday,February
2017-02-26,350,2017,2,1,26,Sunday,February
2017-02-27,351,2017,2,1,27,Monday,February
2017-02-28,352,2017,2,1,28,Tuesday,February
2017-03-01,353,2017,3,1,1,Wednesday,March
2017-03-02,354,2017,3,1,2,Thursday,March
2017-03-03,355,2017,3,1,3,Friday,March
2017-03-04,356,2017,3,1,4,Saturday,March
2017-03-05,357,2017,3,1,5,Sunday,March
2017-03-06,358,2017,3,1,6,Monday,March
2017-03-07,359,2017,3,1,7,Tuesday,March
2017-03-08,360,2017,3,1,8,Wednesday,March
2017-03-09,361,2017,3,1,9,Thursday,March
2017-03-11,362,2017,3,1,11,Saturday,March
2017-03-12,363,2017,3,1,12,Sunday,March
2017-03-13,364,2017,3,1,13,Monday,March
2017-03-15,365,2017,3,1,15,Wednesday,March
2017-03-16,366,2017,3,1,16,Thursday,March
2017-03-18,367,2017,3,1,18,Saturday,March
2017-03-19,368,2017,3,1,19,Sunday,March
2017-03-20,369,2017,3,1,20,Monday,March
2017-03-22,370,2017,3,1,22,Wednesday,March
2017-03-23,371,2017,3,1,23,Thursday,March
2017-03-24,372,2017,3,1,24,Friday,March
2017-03-26,373,2017,3,1,26,Sunday,March
2017-03-27,374,2017,3,1,27,Monday,March
2017-03-28,375,2017,3,1,28,Tuesday,March
2017-03-29,376,2017,3,1,29,Wednesday,March
2017-03-30,377,2017,3,1,30,Thursday,March
2017-03-31,378,2017,3,1,31,Friday,March
2017-04-01,379,2017,4,2,1,Saturday,April
2017-04-02,380,2017,4,2,2,Sunday,April
2017-04-03,381,2017,4,2,3,Monday,April
2017-04-04,382,2017,4,2,4,Tuesday,April
2017-04-05,383,2017,4,2,5,Wednesday,April
2017-04-06,384,2017,4,2,6,Thursday,April
2017-04-07,385,2017,4,2,7,Friday,April
2017-04-09,386,2017,4,2,9,Sunday,April
2017-04-11,387,2017,4,2,11,Tuesday,April
2017-04-12,388,2017,4,2,12,Wednesday,April
2017-04-13,389,2017,4,2,13,Thursday,April
2017-04-14,390,2017,4,2,14,Friday,April
2017-04-15,391,2017,4,2,15,Saturday,April
2017-04-16,392,2017,4,2,16,Sunday,April
2017-04-17,393,2017,4,2,17,Monday,April
2017-04-18,394,2017,4,2,18,Tuesday,April
2017-04-19,395,2017,4,2,19,Wednesday,April
2017-04-20,396,2017,4,2,20,Thursday,April
2017-04-21,397,2017,4,2,21,Friday,April
2017-04-22,398,2017,4,2,22,Saturday,April
2017-04-23,399,2017,4,2,23,Sunday,April
2017-04-24,400,2017,4,2,24,Monday,April
2017-04-25,401,2017,4,2,25,Tuesday,April
2017-04-27,402,2017,4,2,27,Thursday,April
2017-04-28,403,2017,4,2,28,Friday,April
2017-04-29,404,2017,4,2,29,Saturday,April
2017-05-01,405,2017,5,2,1,Monday,May
2017-05-02,406,2017,5,2,2,Tuesday,May
2017-05-03,407,2017,5,2,3,Wednesday,May
2017-05-04,408,2017,5,2,4,Thursday,May
2017-05-05,409,2017,5,2,5,Friday,May
2017-05-06,410,2017,5,2,6,Saturday,May
2017-05-07,411,2017,5,2,7,Sunday,May
2017-05-08,412,2017,5,2,8,Monday,May
2017-05-09,413,2017,5,2,9,Tuesday,May
2017-05-11,414,2017,5,2,11,Thursday,May
2017-05-13,415,2017,5,2,13,Saturday,May
2017-05-14,416,2017,5,2,14,Sunday,May
2017-05-15,417,2017,5,2,15,Monday,May
2017-05-16,418,2017,5,2,16,Tuesday,May
2017-05-18,419,2017,5,2,18,Thursday,May
2017-05-19,420,2017,5,2,19,Friday,May
2017-05-20,421,2017,5,2,20,Saturday,May
2017-05-21,422,2017,5,2,21,Sunday,May
2017-05-22,423,2017,5,2,22,Monday,May
2017-05-23,424,2017,5,2,23,Tuesday,May
2017-05-24,425,2017,5,2,24,Wednesday,May
2017-05-25,426,2017,5,2,25,Thursday,May
2017-05-26,427,2017,5,2,26,Friday,May
2017-05-27,428,2017,5,2,27,Saturday,May
2017-05-28,429,2017,5,2,28,Sunday,May
2017-05-29,430,2017,5,2,29,Monday,May
2017-05-30,431,2017,5,2,30,Tuesday,May
2017-05-31,432,2017,5,2,31,Wednesday,May
2017-06-02,433,2017,6,2,2,Friday,June
2017-06-03,434,2017,6,2,3,Saturday,June
2017-06-05,435,2017,6,2,5,Monday,June
2017-06-07,436,2017,6,2,7,Wednesday,June
2017-06-09,437,2017,6,2,9,Friday,June
2017-06-10,438,2017,6,2,10,Saturday,June
2017-06-11,439,2017,6,2,11,Sunday,June
2017-06-12,440,2017,6,2,12,Monday,June
2017-06-13,441,2017,6,2,13,Tuesday,June
2017-06-14,442,2017,6,2,14,Wednesday,June
2017-06-15,443,2017,6,2,15,Thursday,June
2017-06-16,444,2017,6,2,16,Friday,June
2017-06-17,445,2017,6,2,17,Saturday,June
2017-06-18,446,2017,6,2,18,Sunday,June
2017-06-19,447,2017,6,2,19,Monday,June
2017-06-20,448,2017,6,2,20,Tuesday,June
2017-06-21,449,2017,6,2,21,Wednesday,June
2017-06-22,450,2017,6,2,22,Thursday,June
2017-06-23,451,2017,6,2,23,Friday,June
2017-06-24,452,2017,6,2,24,Saturday,June
2017-06-25,453,2017,6,2,25,Sunday,June
2017-06-26,454,2017,6,2,26,Monday,June
2017-06-27,455,2017,6,2,27,Tuesday,June
2017-06-30,456,2017,6,2,30,Friday,June
2017-07-02,457,2017,7,3,2,Sunday,July
2017-07-04,458,2017,7,3,4,Tuesday,July
2017-07-06,459,2017,7,3,6,Thursday,July
2017-07-07,460,2017,7,3,7,Friday,July
2017-07-09,461,2017,7,3,9,Sunday,July
2017-07-11,462,2017,7,3,11,Tuesday,July
2017-07-12,463,2017,7,3,12,Wednesday,July
2017-07-13,464,2017,7,3,13,Thursday,July
2017-07-14,465,2017,7,3,14,Friday,July
2017-07-15,466,2017,7,3,15,Saturday,July
2017-07-16,467,2017,7,3,16,Sunday,July
2017-07-18,468,2017,7,3,18,Tuesday,July
2017-07-19,469,2017,7,3,19,Wednesday,July
2017-07-20,470,2017,7,3,20,Thursday,July
2017-07-22,471,2017,7,3,22,Saturday,July
2017-07-23,472,2017,7,3,23,Sunday,July
2017-07-26,473,2017,7,3,26,Wednesday,July
2017-07-27,474,2017,7,3,27,Thursday,July
2017-07-29,475,2017,7,3,29,Saturday,July
2017-07-30,476,2017,7,3,30,Sunday,July
2017-07-31,477,2017,7,3,31,Monday,July
2017-08-02,478,2017,8,3,2,Wednesday,August
2017-08-04,479,2017,8,3,4,Friday,August
2017-08-06,480,2017,8,3,6,Sunday,August
2017-08-07,481,2017,8,3,7,Monday,August
2017-08-08,482,2017,8,3,8,Tuesday,August
2017-08-09,483,2017,8,3,9,Wednesday,August
2017-08-10,484,2017,8,3,10,Thursday,August
2017-08-11,485,2017,8,3,11,Friday,August
2017-08-12,486,2017,8,3,12,Saturday,August
2017-08-13,487,2017,8,3,13,Sunday,August
2017-08-14,488,2017,8,3,14,Monday,August
2017-08-15,489,2017,8,3,15,Tuesday,August
2017-08-16,490,2017,8,3,16,Wednesday,August
2017-08-17,491,2017,8,3,17,Thursday,August
2017-08-18,492,2017,8,3,18,Friday,August
2017-08-19,493,2017,8,3,19,Saturday,August
2017-08-20,494,2017,8,3,20,Sunday,August
2017-08-21,495,2017,8,3,21,Monday,August
2017-08-22,496,2017,8,3,22,Tuesday,August
2017-08-24,497,2017,8,3,24,Thursday,August
2017-08-25,498,2017,8,3,25,Friday,August
2017-08-26,499,2017,8,3,26,Saturday,August
2017-08-27,500,2017,8,3,27,Sunday,August
2017-08-28,501,2017,8,3,28,Monday,August
2017-08-29,502,2017,8,3,29,Tuesday,August
2017-08-31,503,2017,8,3,31,Thursday,August
2017-09-01,504,2017,9,3,1,Friday,September
2017-09-02,505,2017,9,3,2,Saturday,September
2017-09-03,506,2017,9,3,3,Sunday,September
2017-09-04,507,2017,9,3,4,Monday,September
2017-09-05,508,2017,9,3,5,Tuesday,September
2017-09-06,509,2017,9,3,6,Wednesday,September
2017-09-07,510,2017,9,3,7,Thursday,September
2017-09-08,511,2017,9,3,8,Friday,September
2017-09-10,512,2017,9,3,10,Sunday,September
2017-09-11,513,2017,9,3,11,Monday,September
2017-09-12,514,2017,9,3,12,Tuesday,September
2017-09-13,515,2017,9,3,13,Wednesday,September
2017-09-14,516,2017,9,3,14,Thursday,September
2017-09-15,517,2017,9,3,15,Friday,September
2017-09-17,518,2017,9,3,17,Sunday,September
2017-09-18,519,2017,9,3,18,Monday,September
2017-09-19,520,2017,9,3,19,Tuesday,September
2017-09-20,521,2017,9,3,20,Wednesday,September
2017-09-21,522,2017,9,3,21,Thursday,September
2017-09-22,523,2017,9,3,22,Friday,September
2017-09-23,524,2017,9,3,23,Saturday,September
2017-09-24,525,2017,9,3,24,Sunday,September
2017-09-25,526,2017,9,3,25,Monday,September
2017-09-27,527,2017,9,3,27,Wednesday,September
2017-09-28,528,2017,9,3,28,Thursday,September
2017-09-29,529,2017,9,3,29,Friday,September
2017-09-30,530,2017,9,3,30,Saturday,September
2017-10-01,531,2017,10,4,1,Sunday,October
2017-10-02,532,2017,10,4,2,Monday,October
2017-10-03,533,2017,10,4,3,Tuesday,October
2017-10-04,534,2017,10,4,4,Wednesday,October
2017-10-05,535,2017,10,4,5,Thursday,October
2017-10-07,536,2017,10,4,7,Saturday,October
2017-10-08,537,2017,10,4,8,Sunday,October
2017-10-09,538,2017,10,4,9,Monday,October
2017-10-10,539,2017,10,4,10,Tuesday,October
2017-10-12,540,2017,10,4,12,Thursday,October
2017-10-13,541,2017,10,4,13,Friday,October
2017-10-14,542,2017,10,4,14,Saturday,October
2017-10-15,543,2017,10,4,15,Sunday,October
2017-10-16,544,2017,10,4,16,Monday,October
2017-10-17,545,2017,10,4,17,Tuesday,October
2017-10-19,546,2017,10,4,19,Thursday,October
2017-10-21,547,2017,10,4,21,Saturday,October
2017-10-22,548,2017,10,4,22,Sunday,October
2017-10-23,549,2017,10,4,23,Monday,October
2017-10-24,550,2017,10,4,24,Tuesday,October
2017-10-25,551,2017,10,4,25,Wednesday,October
2017-10-26,552,2017,10,4,26,Thursday,October
2017-10-27,553,2017,10,4,27,Friday,October
2017-10-28,554,2017,10,4,28,Saturday,October
2017-10-30,555,2017,10,4,30,Monday,October
2017-10-31,556,2017,10,4,31,Tuesday,October
2017-11-01,557,2017,11,4,1,Wednesday,November
2017-11-02,558,2017,11,4,2,Thursday,November
2017-11-03,559,2017,11,4,3,Friday,November
2017-11-04,560,2017,11,4,4,Saturday,November
2017-11-05,561,2017,11,4,5,Sunday,November
2017-11-06,562,2017,11,4,6,Monday,November
2017-11-07,563,2017,11,4,7,Tuesday,November
2017-11-08,564,2017,11,4,8,Wednesday,November
2017-11-09,565,2017,11,4,9,Thursday,November
2017-11-10,566,2017,11,4,10,Friday,November
2017-11-11,567,2017,11,4,11,Saturday,November
2017-11-12,568,2017,11,4,12,Sunday,November
2017-11-13,569,2017,11,4,13,Monday,November
2017-11-16,570,2017,11,4,16,Thursday,November
2017-11-17,571,2017,11,4,17,Friday,November
2017-11-18,572,2017,11,4,18,Saturday,November
2017-11-19,573,2017,11,4,19,Sunday,November
2017-11-20,574,2017,11,4,20,Monday,November
2017-11-22,575,2017,11,4,22,Wednesday,November
2017-11-23,576,2017,11,4,23,Thursday,November
2017-11-24,577,2017,11,4,24,Friday,November
2017-11-25,578,2017,11,4,25,Saturday,November
2017-11-26,579,2017,11,4,26,Sunday,November
2017-11-27,580,2017,11,4,27,Monday,November
2017-11-28,581,2017,11,4,28,Tuesday,November
2017-11-29,582,2017,11,4,29,Wednesday,November
2017-11-30,583,2017,11,4,30,Thursday,November
2017-12-01,584,2017,12,4,1,Friday,December
2017-12-02,585,2017,12,4,2,Saturday,December
2017-12-03,586,2017,12,4,3,Sunday,December
2017-12-04,587,2017,12,4,4,Monday,December
2017-12-07,588,2017,12,4,7,Thursday,December
2017-12-08,589,2017,12,4,8,Friday,December
2017-12-09,590,2017,12,4,9,Saturday,December
2017-12-10,591,2017,12,4,10,Sunday,December
2017-12-11,592,2017,12,4,11,Monday,December
2017-12-14,593,2017,12,4,14,Thursday,December
2017-12-15,594,2017,12,4,15,Friday,December
2017-12-16,595,2017,12,4,16,Saturday,December
2017-12-17,596,2017,12,4,17,Sunday,December
2017-12-20,597,2017,12,4,20,Wednesday,December
2017-12-22,598,2017,12,4,22,Friday,December
2017-12-24,599,2017,12,4,24,Sunday,December
2017-12-25,600,2017,12,4,25,Monday,December
2017-12-26,601,2017,12,4,26,Tuesday,December
2017-12-27,602,2017,12,4,27,Wednesday,December
2017-12-28,603,2017,12,4,28,Thursday,December
2017-12-30,604,2017,12,4,30,Saturday,December
2017-12-31,605,2017,12,4,31,Sunday,December
2018-01-01,606,2018,1,1,1,Monday,January
2018-01-02,607,2018,1,1,2,Tuesday,January
2018-01-04,608,2018,1,1,4,Thursday,January
2018-01-05,609,2018,1,1,5,Friday,January
2018-01-06,610,2018,1,1,6,Saturday,January
2018-01-07,611,2018,1,1,7,Sunday,January
2018-01-09,612,2018,1,1,9,Tuesday,January
2018-01-10,613,2018,1,1,10,Wednesday,January
2018-01-11,614,2018,1,1,11,Thursday,January
2018-01-12,615,2018,1,1,12,Friday,January
2018-01-13,616,2018,1,1,13,Saturday,January
2018-01-14,617,2018,1,1,14,Sunday,January
2018-01-15,618,2018,1,1,15,Monday,January
2018-01-16,619,2018,1,1,16,Tuesday,January
2018-01-17,620,2018,1,1,17,Wednesday,January
2018-01-19,621,2018,1,1,19,Friday,January
2018-01-20,622,2018,1,1,20,Saturday,January
2018-01-21,623,2018,1,1,21,Sunday,January
2018-01-22,624,2018,1,1,22,Monday,January
2018-01-23,625,2018,1,1,23,Tuesday,January
2018-01-24,626,2018,1,1,24,Wednesday,January
2018-01-25,627,2018,1,1,25,Thursday,January
2018-01-26,628,2018,1,1,26,Friday,January
2018-01-27,629,2018,1,1,27,Saturday,January
2018-01-28,630,2018,1,1,28,Sunday,January
2018-01-29,631,2018,1,1,29,Monday,January
2018-01-30,632,2018,1,1,30,Tuesday,January
2018-02-01,633,2018,2,1,1,Thursday,February
2018-02-02,634,2018,2,1,2,Friday,February
2018-02-05,635,2018,2,1,5,Monday,February
2018-02-06,636,2018,2,1,6,Tuesday,February
2018-02-07,637,2018,2,1,7,Wednesday,February
2018-02-08,638,2018,2,1,8,Thursday,February
2018-02-09,639,2018,2,1,9,Friday,February
2018-02-11,640,2018,2,1,11,Sunday,February
2018-02-12,641,2018,2,1,12,Monday,February
2018-02-13,642,2018,2,1,13,Tuesday,February
2018-02-14,643,2018,2,1,14,Wednesday,February
2018-02-15,644,2018,2,1,15,Thursday,February
2018-02-16,645,2018,2,1,16,Friday,February
2018-02-17,646,2018,2,1,17,Saturday,February
2018-02-18,647,2018,2,1,18,Sunday,February
2018-02-19,648,2018,2,1,19,Monday,February
2018-02-21,649,2018,2,1,21,Wednesday,February
2018-02-23,650,2018,2,1,23,Friday,February
2018-02-25,651,2018,2,1,25,Sunday,February
2018-02-26,652,2018,2,1,26,Monday,February
2018-02-27,653,2018,2,1,27,Tuesday,February
2018-03-01,654,2018,3,1,1,Thursday,March
2018-03-03,655,2018,3,1,3,Saturday,March
2018-03-04,656,2018,3,1,4,Sunday,March
2018-03-05,657,2018,3,1,5,Monday,March
2018-03-06,658,2018,3,1,6,Tuesday,March
2018-03-07,659,2018,3,1,7,Wednesday,March
2018-03-08,660,2018,3,1,8,Thursday,March
2018-03-10,661,2018,3,1,10,Saturday,March
2018-03-11,662,2018,3,1,11,Sunday,March
2018-03-14,663,2018,3,1,14,Wednesday,March
2018-03-15,664,2018,3,1,15,Thursday,March
2018-03-16,665,2018,3,1,16,Friday,March
2018-03-17,666,2018,3,1,17,Saturday,March
2018-03-18,667,2018,3,1,18,Sunday,March
2018-03-19,668,2018,3,1,19,Monday,March
2018-03-20,669,2018,3,1,20,Tuesday,March
2018-03-21,670,2018,3,1,21,Wednesday,March
2018-03-22,671,2018,3,1,22,Thursday,March
2018-03-23,672,2018,3,1,23,Friday,March
2018-03-24,673,2018,3,1,24,Saturday,March
2018-03-25,674,2018,3,1,25,Sunday,March
2018-03-26,675,2018,3,1,26,Monday,March
2018-03-27,676,2018,3,1,27,Tuesday,March
2018-03-28,677,2018,3,1,28,Wednesday,March
2018-03-29,678,2018,3,1,29,Thursday,March
2018-03-30,679,2018,3,1,30,Friday,March
2018-03-31,680,2018,3,1,31,Saturday,March
2016-01-07,681,2016,1,1,7,Thursday,January
2016-01-11,682,2016,1,1,11,Monday,January
2016-01-10,683,2016,1,1,10,Sunday,January
2016-01-17,684,2016,1,1,17,Sunday,January
2016-01-24,685,2016,1,1,24,Sunday,January
2016-01-26,686,2016,1,1,26,Tuesday,January
2016-02-02,687,2016,2,1,2,Tuesday,February
2016-02-15,688,2016,2,1,15,Monday,February
2016-02-22,689,2016,2,1,22,Monday,February
2016-02-24,690,2016,2,1,24,Wednesday,February
2016-03-05,691,2016,3,1,5,Saturday,March
2016-03-11,692,2016,3,1,11,Friday,March
2016-03-13,693,2016,3,1,13,Sunday,March
2016-03-22,694,2016,3,1,22,Tuesday,March
2016-03-24,695,2016,3,1,24,Thursday,March
2016-04-01,696,2016,4,2,1,Friday,April
2016-04-14,697,2016,4,2,14,Thursday,April
2016-04-20,698,2016,4,2,20,Wednesday,April
2016-04-24,699,2016,4,2,24,Sunday,April
2016-04-25,700,2016,4,2,25,Monday,April
2016-05-09,701,2016,5,2,9,Monday,May
2016-05-14,702,2016,5,2,14,Saturday,May
2016-05-16,703,2016,5,2,16,Monday,May
2016-05-18,704,2016,5,2,18,Wednesday,May
2016-05-23,705,2016,5,2,23,Monday,May
2016-05-31,706,2016,5,2,31,Tuesday,May
2016-06-07,707,2016,6,2,7,Tuesday,June
2016-06-14,708,2016,6,2,14,Tuesday,June
2016-06-26,709,2016,6,2,26,Sunday,June
2016-07-03,710,2016,7,3,3,Sunday,July
2016-07-02,711,2016,7,3,2,Saturday,July
2016-07-08,712,2016,7,3,8,Friday,July
2016-07-10,713,2016,7,3,10,Sunday,July
2016-07-22,714,2016,7,3,22,Friday,July
2016-07-27,715,2016,7,3,27,Wednesday,July
2016-07-30,716,2016,7,3,30,Saturday,July
2016-08-06,717,2016,8,3,6,Saturday,August
2016-08-10,718,2016,8,3,10,Wednesday,August
2016-08-24,719,2016,8,3,24,Wednesday,August
2016-09-07,720,2016,9,3,7,Wednesday,September
2016-09-15,721,2016,9,3,15,Thursday,September
2016-10-20,722,2016,10,4,20,Thursday,October
2016-10-30,723,2016,10,4,30,Sunday,October
2016-11-01,724,2016,11,4,1,Tuesday,November
2016-11-05,725,2016,11,4,5,Saturday,November
2016-11-07,726,2016,11,4,7,Monday,November
2016-11-10,727,2016,11,4,10,Thursday,November
2016-11-17,728,2016,11,4,17,Thursday,November
2016-11-25,729,2016,11,4,25,Friday,November
2016-11-28,730,2016,11,4,28,Monday,November
2016-12-02,731,2016,12,4,2,Friday,December
2016-12-05,732,2016,12,4,5,Monday,December
2016-12-14,733,2016,12,4,14,Wednesday,December
2016-12-31,734,2016,12,4,31,Saturday,December
2017-01-01,735,2017,1,1,1,Sunday,January
2017-01-02,736,2017,1,1,2,Monday,January
2017-01-05,737,2017,1,1,5,Thursday,January
2017-01-13,738,2017,1,1,13,Friday,January
2017-01-15,739,2017,1,1,15,Sunday,January
2017-01-30,740,2017,1,1,30,Monday,January
2017-02-12,741,2017,2,1,12,Sunday,February
2017-02-17,742,2017,2,1,17,Friday,February
2017-02-22,743,2017,2,1,22,Wednesday,February
2017-02-24,744,2017,2,1,24,Friday,February
2017-03-10,745,2017,3,1,10,Friday,March
2017-03-14,746,2017,3,1,14,Tuesday,March
2017-03-17,747,2017,3,1,17,Friday,March
2017-03-21,748,2017,3,1,21,Tuesday,March
2017-03-25,749,2017,3,1,25,Saturday,March
2017-04-08,750,2017,4,2,8,Saturday,April
2017-04-10,751,2017,4,2,10,Monday,April
2017-04-26,752,2017,4,2,26,Wednesday,April
2017-04-30,753,2017,4,2,30,Sunday,April
2017-05-10,754,2017,5,2,10,Wednesday,May
2017-05-12,755,2017,5,2,12,Friday,May
2017-05-17,756,2017,5,2,17,Wednesday,May
2017-06-01,757,2017,6,2,1,Thursday,June
2017-06-06,758,2017,6,2,6,Tuesday,June
2017-06-08,759,2017,6,2,8,Thursday,June
2017-06-28,760,2017,6,2,28,Wednesday,June
2017-06-29,761,2017,6,2,29,Thursday,June
2017-07-03,762,2017,7,3,3,Monday,July
2017-07-10,763,2017,7,3,10,Monday,July
2017-07-17,764,2017,7,3,17,Monday,July
2017-07-21,765,2017,7,3,21,Friday,July
2017-07-24,766,2017,7,3,24,Monday,July
2017-07-25,767,2017,7,3,25,Tuesday,July
2017-07-28,768,2017,7,3,28,Friday,July
2017-08-01,769,2017,8,3,1,Tuesday,August
2017-08-23,770,2017,8,3,23,Wednesday,August
2017-08-30,771,2017,8,3,30,Wednesday,August
2017-09-09,772,2017,9,3,9,Saturday,September
2017-09-16,773,2017,9,3,16,Saturday,September
2017-09-26,774,2017,9,3,26,Tuesday,September
2017-10-06,775,2017,10,4,6,Friday,October
2017-10-11,776,2017,10,4,11,Wednesday,October
2017-10-18,777,2017,10,4,18,Wednesday,October
2017-10-29,778,2017,10,4,29,Sunday,October
2017-11-14,779,2017,11,4,14,Tuesday,November
2017-11-21,780,2017,11,4,21,Tuesday,November
2017-12-05,781,2017,12,4,5,Tuesday,December
2017-12-06,782,2017,12,4,6,Wednesday,December
2017-12-13,783,2017,12,4,13,Wednesday,December
2017-12-12,784,2017,12,4,12,Tuesday,December
2017-12-18,785,2017,12,4,18,Monday,December
2017-12-19,786,2017,12,4,19,Tuesday,December
2017-12-21,787,2017,12,4,21,Thursday,December
2017-12-23,788,2017,12,4,23,Saturday,December
2017-12-29,789,2017,12,4,29,Friday,December
2018-01-03,790,2018,1,1,3,Wednesday,January
2018-01-08,791,2018,1,1,8,Monday,January
2018-01-18,792,2018,1,1,18,Thursday,January
2018-01-31,793,2018,1,1,31,Wednesday,January
2018-02-03,794,2018,2,1,3,Saturday,February
2018-02-10,795,2018,2,1,10,Saturday,February
2018-02-22,796,2018,2,1,22,Thursday,February
2018-02-28,797,2018,2,1,28,Wednesday,February
2018-03-02,798,2018,3,1,2,Friday,March
2018-03-09,799,2018,3,1,9,Friday,March
2018-03-13,800,2018,3,1,13,Tuesday,March
2018-03-12,801,2018,3,1,12,Monday,March
2018-04-01,802,2018,4,2,1,Sunday,April
2018-04-03,803,2018,4,2,3,Tuesday,April
2018-04-02,804,2018,4,2,2,Monday,April
2016-04-05,805,2016,4,2,5,Tuesday,April
2016-04-26,806,2016,4,2,26,Tuesday,April
2016-04-29,807,2016,4,2,29,Friday,April
2016-05-02,808,2016,5,2,2,Monday,May
2016-11-29,809,2016,11,4,29,Tuesday,November
2017-02-23,810,2017,2,1,23,Thursday,February
2017-07-01,811,2017,7,3,1,Saturday,July
2017-07-05,812,2017,7,3,5,Wednesday,July
2017-08-03,813,2017,8,3,3,Thursday,August
2017-08-05,814,2017,8,3,5,Saturday,August
2017-10-20,815,2017,10,4,20,Friday,October
2018-02-04,816,2018,2,1,4,Sunday,February
2018-02-20,817,2018,2,1,20,Tuesday,February
2018-02-24,818,2018,2,1,24,Saturday,February
